id,username,email,password_hash,profile_image_path,created_at,bio
80,tulip80,tulip80@example.com,67f2d0b53548f16762a69311db03a3dd2dfdbaec8f0b6f21dbbbac7fab95cad7,https://www.pexels.com/photo/woman-in-blue-and-white-striped-long-sleeve-shirt-holding-black-horse-4927792/,2025-09-27T22:21:23+00:00,Tulip loves treats and naps.
63,bo63,bo63@example.com,b3f5e216d62aff0146560ab310c60dfd6f74641051b6e022be13c91cd8851b1d,https://www.pexels.com/photo/woman-in-blue-dress-standing-beside-brown-horse-5177537/,2024-02-13T10:26:40+00:00,Bo loves treats and naps.
92,skye92,skye92@example.com,577afc4939f9e9aeefdd0be7895d197ba8e8ca4f214cb927dca4c3909c4b0c76,https://www.pexels.com/photo/black-man-standing-with-cup-of-coffee-and-croissant-near-akita-inu-5749807/,2024-04-20T22:29:55+00:00,Skye loves treats and naps.
69,honey69,honey69@example.com,c21ba896db1c4749e2df55a25d295a0fabf8de772688e0e1731be6db27265536,https://www.pexels.com/photo/green-parrot-on-person-s-hand-56733/,2024-04-20T18:01:25+00:00,Honey loves treats and naps.
9,sophie9,sophie9@example.com,a15e129fad8e666294d41745bb585b4b3944fd9678799f9f65ec0345ca2df268,https://www.pexels.com/photo/brown-and-white-short-coated-puppy-1805164/,2025-08-27T16:24:55+00:00,Sophie loves treats and naps.
74,ollie74,ollie74@example.com,a47a524629f64e49e1a3ca7fe16360046dff0b16634b108b3c09562b714526ad,https://www.pexels.com/photo/portrait-photo-of-an-adult-black-pug-1851164/,2024-11-17T22:40:24+00:00,Ollie loves treats and naps.
43,oliver43,oliver43@example.com,b0d4d463f5e2c1888c8955e0c6481d19dce1183f5cdeba3b05dcc0534ff557cd,https://www.pexels.com/photo/closeup-photo-of-short-coated-white-and-gray-dog-825947/,2024-07-26T13:56:01+00:00,Oliver loves treats and naps.
21,coco21,coco21@example.com,bd0046b0459d14de49940e6fb53025dcf919084db04f18abcf33736decc8bf86,https://www.pexels.com/photo/woman-carrying-dog-while-standing-in-the-middle-of-the-forest-1612861/,2025-10-05T15:25:07+00:00,Coco loves treats and naps.
20,gracie20,gracie20@example.com,469a9c5e94aa01b7218ad3661c388b94e14eb7e5e7e4ff5dd72e35643618f5d6,https://www.pexels.com/photo/selective-focus-photography-of-orange-tabby-cat-1170986/,2025-08-04T23:45:43+00:00,Gracie loves treats and naps.
49,cooper49,cooper49@example.com,ee559969f8186b2f50364252d461662466b55f0bc3312a55344b78b0cd3a6ed0,https://www.pexels.com/photo/long-coated-white-and-black-dog-220938/,2024-02-17T23:25:14+00:00,Cooper loves treats and naps.
57,winston57,winston57@example.com,e1630781682c82018b61758837c8e617c1496b014e867f01ce2d1e226567866f,https://www.pexels.com/photo/man-with-blue-and-maroon-camping-bag-1448055/,2025-01-08T03:29:37+00:00,Winston loves treats and naps.
70,cleo70,cleo70@example.com,c12a3570611dcd9c46eeca6fd3422912a52736f1ae2daef326ea95c0ae0fea51,https://www.pexels.com/photo/mid-coated-brown-cat-982865/,2025-01-06T06:18:22+00:00,Cleo loves treats and naps.
31,winnie31,winnie31@example.com,7755fadfb878436ac484ea73ec69c07ae4798a3aca6756b7ab446de5d3871d0d,https://www.pexels.com/photo/black-and-white-maltese-puppy-1458916/,2024-11-08T20:51:22+00:00,Winnie loves treats and naps.
52,cody52,cody52@example.com,4ebdda737b5fc75100f6dbd63bbf0b9f9fbde5da29f8eeab32b1d91ad65aefe4,https://www.pexels.com/photo/dog-resting-on-pet-bed-2248516/,2025-11-10T03:30:06+00:00,Cody loves treats and naps.
36,charlie36,charlie36@example.com,e5c928eed8d4c9d3e23e04319356fa9d92f09e0b705091486f7244c49db72a7d,https://www.pexels.com/photo/beige-cat-with-gold-colored-crown-1314550/,2024-07-19T12:41:01+00:00,Charlie loves treats and naps.
16,nala16,nala16@example.com,fc9ad6d5f941e49e571222983bb26602c5f732c60e39bdb31c705ed5d1e7234c,https://www.pexels.com/photo/dalmatian-sitting-white-surface-933498/,2024-09-29T04:23:08+00:00,Nala loves treats and naps.
4,lola4,lola4@example.com,63555891c49d249c0c763c00d11b0bcd3ba8dddf570b5f36a74e1692b2478d17,https://www.pexels.com/photo/woman-carrying-adult-fawn-dog-1612846/,2025-04-13T00:06:09+00:00,Lola loves treats and naps.
44,leo44,leo44@example.com,b10b6166b2e222ca3398f87a470cfa6223715048845af1d237828a4ec18b40fb,https://www.pexels.com/photo/dog-with-brown-faux-fur-headband-800330/,2024-09-16T17:42:48+00:00,Leo loves treats and naps.
0,bella0,bella0@example.com,4af1a4e4eccfff001aa39702c4734460b489beb95953f55c78e9d7a9c3518b8f,https://www.pexels.com/photo/orange-tabby-cat-near-window-2071873/,2024-07-08T11:42:04+00:00,Bella loves treats and naps.
86,remy86,remy86@example.com,628110bb96489798c62f3e9f9d7a58238a7cf1e22d7093b630ed49b4b42377aa,https://www.pexels.com/photo/close-up-photography-of-white-and-black-cat-69932/,2024-01-02T09:29:07+00:00,Remy loves treats and naps.
88,mochi88,mochi88@example.com,a21ea26ce541df9159bbdd3a4bfdc487cac92862d7d3fb2b4d734b3e15c89116,https://www.pexels.com/photo/labrador-retriever-dog-662417/,2024-10-28T22:07:58+00:00,Mochi loves treats and naps.
23,ginger23,ginger23@example.com,11c776619470caeaa04b4d1f2e9810b2d3c18beb585844b3046367c41ab0e92b,https://www.pexels.com/photo/close-up-of-rabbit-on-field-326012/,2024-09-04T19:56:20+00:00,Ginger loves treats and naps.
72,niko72,niko72@example.com,6d904f437ec8fd07b5ca6ed834d7783efe47fc92e83fc503683f21e59b2ceab6,https://www.pexels.com/photo/photo-of-siberian-husky-245035/,2024-09-09T04:33:37+00:00,Niko loves treats and naps.
54,zeus54,zeus54@example.com,4b6367db8b509fe2fdc67f64b6aa5315b326f798810ef7b48b487109a058d1bd,https://www.pexels.com/photo/selective-focus-photography-of-sphinx-cat-lying-on-bedspread-991831/,2025-05-05T17:41:00+00:00,Zeus loves treats and naps.
27,annie27,annie27@example.com,c93525481bb7ff15b7ae5774770f334d7a3af759f631eb1686a9995d2d21dbd5,https://www.pexels.com/photo/photo-of-tabby-kitten-lying-on-orange-basket-1056252/,2025-09-05T22:26:42+00:00,Annie loves treats and naps.
22,roxy22,roxy22@example.com,e72151db8f99533417429eeac55c07123464858091b9814d8fad283150c011cd,https://www.pexels.com/photo/shih-tzu-photo-on-studio-shot-3361739/,2024-07-29T15:42:34+00:00,Roxy loves treats and naps.
76,scout76,scout76@example.com,a95f797bd97eebf0449ea41b9402d7ca43d0fa4bf3093ee5b575b67b109be6fb,https://www.pexels.com/photo/shallow-focus-photography-of-a-cavalier-king-charles-spaniel-1390361/,2024-11-11T16:49:09+00:00,Scout loves treats and naps.
68,poppy68,poppy68@example.com,ecf4e7dd346aeba7db8a4164bd1c65d036ed3a5975353214ef2fedf723c0033d,https://www.pexels.com/photo/tabby-cat-on-white-wooden-fence-804475/,2024-08-14T14:55:04+00:00,Poppy loves treats and naps.
55,rusty55,rusty55@example.com,5a9bf72fc43308764b3300034abbd9d5fc653200e5d760fd61c9e4608bc5ef2c,https://www.pexels.com/photo/short-coated-beige-cat-on-white-knitted-textile-982299/,2025-03-11T21:31:11+00:00,Rusty loves treats and naps.
79,mabel79,mabel79@example.com,969f7389fbb4c8ab0c9e9f01d14d0be03f7f23a1ac2657e45ba4d5dce7146980,https://www.pexels.com/photo/orange-tabby-cat-on-back-of-window-curtain-1828875/,2024-08-02T22:47:01+00:00,Mabel loves treats and naps.
60,baxter60,baxter60@example.com,3f34d11f9f7c7703fbe2f03b530b966e393b97696c3bd559098ba99b81a6b565,https://www.pexels.com/photo/photo-of-brown-and-white-boston-terrier-puppy-sitting-on-grass-1954515/,2023-11-27T15:03:14+00:00,Baxter loves treats and naps.
94,patches94,patches94@example.com,3a2639056cb03602b66e054163ef01852d83906f7039628fcb761a04c06e2218,https://www.pexels.com/photo/tricolor-maltese-puppy-1458925/,2025-04-07T09:19:28+00:00,Patches loves treats and naps.
59,sammy59,sammy59@example.com,4c7e8342307011ebda1448fbda414fed502c9459a0f6abcd80abb48db42ff0b7,https://www.pexels.com/photo/selective-focus-photography-of-cat-821736/,2025-06-12T23:53:59+00:00,Sammy loves treats and naps.
75,blue75,blue75@example.com,3c1dd2dee9c8ca94752857968c844784e5c25bd61722809acc521ad455eda105,https://www.pexels.com/photo/person-holding-white-kitten-with-flowers-necklace-1643457/,2024-05-17T06:04:57+00:00,Blue loves treats and naps.
33,izzy33,izzy33@example.com,7a856e8f62b38aacb2ff3cf860d36c0d7a65b0c2b775cb3d97c50188b7493f19,https://www.pexels.com/photo/siberian-husky-doing-a-wink-expression-3196887/,2024-03-08T11:14:06+00:00,Izzy loves treats and naps.
11,zoey11,zoey11@example.com,4a0a226da4e94b88e2c314ad62c09c00804e83e2fe01cdec32c5ae2783a9630f,https://www.pexels.com/photo/pomeranian-puppy-1619690/,2024-12-27T21:05:08+00:00,Zoey loves treats and naps.
25,pepper25,pepper25@example.com,e7379645fcaa9eb2db2a6bc5b19f4b83c3d21730c6228d1ee5a408f63a8f63e5,https://www.pexels.com/photo/adult-long-coated-brown-dog-beside-green-armchair-1390784/,2025-08-20T15:55:06+00:00,Pepper loves treats and naps.
18,penny18,penny18@example.com,bc425bad7cad5cc5765e1ab3074de1a9fd5c6dff7b3681b40cf2c96fb4cbe1db,https://www.pexels.com/photo/white-long-coated-medium-size-dog-sticking-tongue-out-during-daytime-46505/,2025-06-03T17:30:47+00:00,Penny loves treats and naps.
45,jack45,jack45@example.com,8cdecfceea9161e371f72b97c1c96f1852e442e25e8266e9f7589e343964656c,https://www.pexels.com/photo/person-using-a-toothbrush-on-dog-with-shower-cap-4588018/,2024-11-18T23:10:52+00:00,Jack loves treats and naps.
67,peanut67,peanut67@example.com,34aca33e42560521f8dc087df17736ea8686455ad0bb8105919752c1642bfe2e,https://www.pexels.com/photo/blue-and-yellow-macaw-perched-on-twig-2078772/,2025-07-25T13:38:04+00:00,Peanut loves treats and naps.
7,bailey7,bailey7@example.com,e57db9de40b48a6af95c0366e622a971567d46f124dedd30488a846e120ab8a3,https://www.pexels.com/photo/black-and-white-tabby-cat-leaning-on-brown-wooden-surface-beside-sea-68594/,2024-12-23T15:29:42+00:00,Bailey loves treats and naps.
51,buster51,buster51@example.com,dff1fc42f0a26c875a15bcda9c4e8b593dda9acad8ea7979f4eb677a1d565cb8,https://www.pexels.com/photo/grey-tabby-cat-laying-beside-green-cactus-699962/,2025-01-04T15:17:36+00:00,Buster loves treats and naps.
89,moose89,moose89@example.com,796f5e0a3720c65c19cf7637b4af7fb012754cea5e617463333ed9446bcb9d54,https://www.pexels.com/photo/dog-wearing-crochet-scarf-with-fringe-while-sitting-on-snow-selective-focus-photography-1436134/,2025-11-16T20:32:18+00:00,Moose loves treats and naps.
32,sasha32,sasha32@example.com,80129fd005a6d67aa82ea40db92d6328db71cd51edef27e8715f8c860d50a437,https://www.pexels.com/photo/shih-tzu-sitting-on-the-floor-2623968/,2024-01-13T03:46:37+00:00,Sasha loves treats and naps.
81,maple81,maple81@example.com,fc065fa195723e435657ecfc60095129be35c7dfdaa6bb3e4b576641f4829b27,https://www.pexels.com/photo/brown-dog-running-on-grassy-field-1906153/,2025-01-12T04:08:50+00:00,Maple loves treats and naps.
46,jasper46,jasper46@example.com,90cb744d477c64f1527d082732119e0fdc4bfed5b660fd087f16b0e70b32183b,https://www.pexels.com/video/a-person-massaging-the-paws-of-a-kitten-5968893/,2025-05-10T21:14:49+00:00,Jasper loves treats and naps.
40,teddy40,teddy40@example.com,71011372b6663737becc785edddae6ccd1aedddcad5d66d6bf11a6d544fbb522,https://www.pexels.com/video/a-pet-dog-on-a-couch-2834230/,2024-04-25T21:38:15+00:00,Teddy loves treats and naps.
8,maggie8,maggie8@example.com,53a95dad6c12b39de2e9142b7b7c1db863bd7ef38c3394fae9ee4d35959b44cb,https://www.pexels.com/video/cute-dog-kissing-her-owner-2796087/,2024-07-19T18:39:45+00:00,Maggie loves treats and naps.
58,riley58,riley58@example.com,c6b08815c8121fcb1d87ef228fc9634d63b1f2008b2874ce9a3f9bd17358c098,https://www.pexels.com/video/a-cat-walking-over-the-piano-keyboard-6853337/,2025-08-28T08:21:40+00:00,Riley loves treats and naps.
62,ace62,ace62@example.com,a76a6dcde9af57e4fbd120121ef9b1477e9123a586f76fde258700955609d286,https://www.pexels.com/video/a-woman-embracing-her-pet-dog-in-bed-4057322/,2025-02-25T23:34:36+00:00,Ace loves treats and naps.
19,ellie19,ellie19@example.com,0cc28431da044f325185e55f31d0d100be069699c54f1ba0b0d190d44c9baa7e,https://www.pexels.com/video/two-kittens-playing-near-a-hollow-block-4624594/,2025-09-26T13:38:03+00:00,Ellie loves treats and naps.
91,misty91,misty91@example.com,a6f507818484cf2e950e3a9d6d10a56d86b96c1e2845665bce28fb2acc7de386,https://www.pexels.com/video/a-dog-with-red-sunglasses-7515918/,2025-08-18T13:11:21+00:00,Misty loves treats and naps.
96,beau96,beau96@example.com,6c135d80e1df7f1b6dbdba30b49156ab8ae477eaea823b893a06545b655d00cf,https://www.pexels.com/video/person-massaging-a-cat-with-a-facial-roller-4838258/,2024-07-31T09:46:57+00:00,Beau loves treats and naps.
97,fletcher97,fletcher97@example.com,f3c1abc1057b6158dcea350fa0c89f6aad1819c12e395ad331fe36903abddf96,https://www.pexels.com/video/cute-puppy-sitting-on-a-stool-4838318/,2024-01-08T22:18:03+00:00,Fletcher loves treats and naps.
93,hector93,hector93@example.com,3ba7258085b4c05e6d7d792581b5e4796d9ee2417617fbd490e46fea3d5e6d58,https://www.pexels.com/video/cute-bunny-with-eyeglasses-4823938/,2023-11-25T22:18:23+00:00,Hector loves treats and naps.
35,max35,max35@example.com,c2f6b057369ca5cff32c5b29f356873ea7872e01d9c148fdb762c039ce773807,https://www.pexels.com/video/a-furry-dog-for-a-pet-lover-5640919/,2025-09-19T23:18:43+00:00,Max loves treats and naps.
24,abby24,abby24@example.com,b995e0f33cfa6f3f740ed38d45daa7c61158b93711439db4727931db8d5a16bc,https://www.pexels.com/video/dogs-enjoying-the-snow-4157418/,2025-06-16T04:24:41+00:00,Abby loves treats and naps.
84,aurora84,aurora84@example.com,f37b9d3d04d7aa8c4b3ed15301263db1aedb63c02e2539c7e5e11160efbe906b,https://www.pexels.com/video/dog-walking-outside-the-house-5534310/,2025-07-18T12:42:59+00:00,Aurora loves treats and naps.
10,chloe10,chloe10@example.com,ef06972ae14fe533ba56ef28ea17bf1a01da1f6fcb54473746d3b677ac33c4a3,https://www.pexels.com/video/small-dog-standing-on-a-stool-4838265/,2024-03-06T00:00:30+00:00,Chloe loves treats and naps.
6,molly6,molly6@example.com,3fff3be6a4daaf61a7cfbb55c1d8745dfcc1143c12b1c4714b881a63513da269,https://www.pexels.com/video/cute-dog-with-a-bow-tie-4838264/,2025-02-03T00:26:53+00:00,Molly loves treats and naps.
38,rocky38,rocky38@example.com,c61b8c78167354cd511360fabf94c3346a0f18a7a919103f6c0ba44555cc9350,https://www.pexels.com/video/feeding-a-hamster-7235791/,2024-04-06T06:17:18+00:00,Rocky loves treats and naps.
98,tucker98,tucker98@example.com,f6813d7ec39f7960758630a38914a764f4563ecbfbfdc63b38c268d07f45bce1,https://www.pexels.com/video/playful-puppies-exploring-forest-outdoors-34743050/,2025-08-07T19:31:49+00:00,Tucker loves treats and naps.
66,shadow66,shadow66@example.com,aa6122f0c62c6be7af025d501e22cb5686d4b785ff506b880bf66b7bb29f0890,https://www.pexels.com/video/dog-and-cow-interaction-in-sunny-field-34755400/,2025-01-12T12:45:23+00:00,Shadow loves treats and naps.
47,finn47,finn47@example.com,aaac007c02505fbf0143d3d079b52dd83b7628127d769161d0829a36fef7c7bf,https://www.pexels.com/video/close-up-video-of-a-siberian-husky-looking-around-6507676/,2025-05-25T08:05:32+00:00,Finn loves treats and naps.
